基本每股收益(元),每股净资产(元),法定股本(股),每手股,每股股息TTM(港元),派息比率(%),已发行股本(股),已发行股本-H股(股),每股经营现金流(元),股息率TTM(%),总市值(港元),港股市值(港元),营业总收入,营业总收入滚动环比增长(%),销售净利率(%),净利润,净利润滚动环比增长(%),股东权益回报率(%),市盈率,市净率,总资产回报率(%)
0.41,,40000000000,100,,,6656781772,6656781772,,,80813330712.08,80813330712.08,153616227000,5.480756990204,3.2046699077,4609834000,-2.679812210321,,11.90853565844,1.368988945878,
