基本每股收益(元),每股净资产(元),法定股本(股),每手股,每股股息TTM(港元),派息比率(%),已发行股本(股),已发行股本-H股(股),每股经营现金流(元),股息率TTM(%),总市值(港元),港股市值(港元),营业总收入,营业总收入滚动环比增长(%),销售净利率(%),净利润,净利润滚动环比增长(%),股东权益回报率(%),市盈率,市净率,总资产回报率(%)
0.328302,8.582001934629,6000000000,500,0.26,34.4116,1807429342,1807429342,0.715052251542,3.62117,12796599741.36,12796599741.36,24815297613.6,2.971539758862,3.0166054861,591133285.6,-11.72781386451,3.92964578033,9.418898109287,0.752342640934,1.507789952286
